station,prov,year,annual
Abbey,SK,1957,3.4345
Abbey,SK,2006,4.8982
Abbotsford A,BC,1944,9.0592
Abbotsford A,BC,2020,11.1548
Agassiz CDA,BC,1892,9.6338
Agassiz CDA,BC,2016,10.9253
Agassiz RCS,BC,1990,10.9321
Agassiz RCS,BC,2020,11.1633
Albanel,QC,1922,1.5268
Albanel,QC,1991,1.7486
Alberni,BC,1900,8.0123
Alberni,BC,2020,10.1954
Alert,NU,1950,-17.4527
Alert,NU,2020,-15.8626
Alliston,PE,1935,5.5043
Alliston,PE,2017,7.0977
Alma (Fundy Park),NB,1950,5.8526
Alma (Fundy Park),NB,2018,6.4368
Altona,MB,1949,1.6152
Altona,MB,2007,4.5566
Amherstburg,ON,1988,9.7933
Amherstburg,ON,2020,10.6724
Amos Lacberry,QC,1914,-0.2373
Amos Lacberry,QC,2019,0.6993
Amqui,QC,1967,2.022
Amqui,QC,2019,3.6228
Andrew,AB,1976,1.827
Andrew,AB,2018,1.5266
Aneroid,SK,1922,3.4611
Aneroid,SK,2005,4.5383
Angers,QC,1965,3.7476
Angers,QC,2019,6.0821
Annapolis Royal,NS,1915,5.7057
Annapolis Royal,NS,2006,7.0843
Anticosti Sw Point,QC,1881,1.5037
Anticosti Sw Point,QC,1954,2.6568
Arborg,MB,1961,0.2183
Arborg,MB,2016,2.4038
Arctic Bay,NU,1938,-13.1872
Arctic Bay,NU,2020,-13.4407
Armagh,QC,1917,2.9294
Armagh,QC,1994,3.7367
Armstrong,BC,1913,6.4529
Armstrong,BC,1998,7.6087
Armstrong,ON,1952,-1.3152
Armstrong,ON,2020,-0.111
Aroostook,NB,1929,3.7573
Aroostook,NB,2020,4.7702
Arundel,QC,1964,2.3905
Arundel,QC,2020,4.6511
Assiniboia,SK,1915,1.7112
Assiniboia,SK,2019,4.5965
Athabasca,AB,1919,1.0167
Athabasca,AB,2020,2.6257
Atikokan,ON,1918,1.2725
Atikokan,ON,2020,2.3138
Atlin,BC,1905,-0.3647
Atlin,BC,2020,1.4371
Baddeck,NS,1935,5.2186
Baddeck,NS,2020,7.13
Bagotville,QC,1884,1.6619
Bagotville,QC,2020,3.4308
Baie Comeau,QC,1966,1.2732
Baie Comeau,QC,2020,2.1525
Baker Lake,NU,1949,-12.5011
Baker Lake,NU,2020,-10.2193
Baldonnel,BC,1926,1.6048
Baldonnel,BC,1993,1.5784
Bancroft,ON,1905,3.9747
Bancroft,ON,1983,4.9176
Banff,AB,1889,0.6636
Banff,AB,2020,2.7453
Barkerville,BC,1888,0.1432
Barkerville,BC,2008,2.3522
Barrage Gouin,QC,1914,0.514
Barrage Gouin,QC,1981,0.9472
Bathurst,NB,1921,2.8602
Bathurst,NB,2018,4.9261
Bay d'Espoir,NL,1968,4.399
Bay d'Espoir,NL,2009,5.2693
Beatrice,ON,1879,4.1949
Beatrice,ON,2020,4.9926
Beauceville,QC,1915,2.9954
Beauceville,QC,2019,5.1385
Beausejour,QC,1976,3.5734
Beausejour,QC,2019,5.3782
Beaverdell,BC,1939,5.0817
Beaverdell,BC,2004,4.8642
Beaverlodge,AB,1915,1.7156
Beaverlodge,AB,2020,2.5866
Beechy,SK,1925,3.3605
Beechy,SK,2020,3.9345
Bella Coola,BC,1903,6.7297
Bella Coola,BC,2020,8.7156
Belleterre,QC,1951,2.2459
Belleterre,QC,1999,1.7573
Belleville,ON,1920,6.8265
Belleville,ON,2020,8.3763
Berens River,MB,1909,-0.1035
Berens River,MB,2020,0.564
Berthierville,QC,1919,4.165
Berthierville,QC,1995,5.7578
Bic,QC,1921,2.9386
Bic,QC,1985,3.9096
Big Creek,BC,1904,2.6646
Big Creek,BC,1996,1.9927
Big Trout Lake,ON,1941,-3.9318
Big Trout Lake,ON,2020,-1.6179
Biggar,SK,1921,1.8182
Biggar,SK,2005,2.41
Birtle,MB,1904,0.6898
Birtle,MB,1995,1.6045
Biscotasing,ON,1913,2.3554
Biscotasing,ON,1972,2.1966
Blue River,BC,1946,3.4288
Blue River,BC,2020,5.2846
Bonavista,NL,1959,4.2751
Bonavista,NL,2017,5.1494
Bonnard,QC,1963,-2.4628
Bonnard,QC,2020,-0.5598
Bow Valley,AB,1971,3.1867
Bow Valley,AB,2020,3.9154
Brandon,MB,1889,1.3474
Brandon,MB,2020,2.8179
Brantford,ON,1881,6.7447
Brantford,ON,2006,8.1462
Brevoort Island,NU,1961,-9.2404
Brevoort Island,NU,2016,-8.0777
Britannia Beach Furr,BC,1913,9.3731
Britannia Beach Furr,BC,1974,10.1853
Broadview,SK,1938,1.2597
Broadview,SK,2020,2.5526
Brochet,MB,1948,-5.5992
Brochet,MB,2005,-3.3797
Brockville,ON,1915,5.059
Brockville,ON,2020,6.9539
Brome,QC,1890,2.5795
Brome,QC,2014,5.9293
Bromptonville,QC,1957,4.9097
Bromptonville,QC,2011,5.8814
Brooks,AB,1921,3.7663
Brooks,AB,2019,4.7637
Brooks AHRC,AB,1937,4.0157
Brooks AHRC,AB,1980,3.4347
Brownfield,AB,1958,1.7686
Brownfield,AB,2009,3.5007
Brucefield,ON,1903,6.4032
Brucefield,ON,1994,7.6222
Buchans,NL,1943,2.5821
Buchans,NL,2010,4.0787
Buctouche,NB,1965,5.5742
Buctouche,NB,2020,5.913
Buffalo Narrows,SK,1965,-0.3975
Buffalo Narrows,SK,2020,1.7543
Burgeo,NL,1966,3.9214
Burgeo,NL,2020,5.3953
Burlington,ON,1947,7.8395
Burlington,ON,2020,9.5076
Burns Lake,BC,1953,0.9044
Burns Lake,BC,2020,2.6392
Burwash,YT,1966,-4.6379
Burwash,YT,2020,-2.2635
Caldwell,AB,1935,3.8146
Caldwell,AB,1989,4.7755
Calgary,AB,1884,2.9898
Calgary,AB,2020,4.7626
Calmar,AB,1915,1.5017
Calmar,AB,2007,3.301
Cambridge Bay,NU,1939,-15.7027
Cambridge Bay,NU,2020,-12.8348
Cameron Falls,ON,1924,2.1427
Cameron Falls,ON,2020,2.5922
Campsie,AB,1912,1.088
Campsie,AB,2020,2.4292
Camrose,AB,1946,0.6366
Camrose,AB,2020,3.2261
Cap Chat,QC,1934,1.9603
Cap Chat,QC,2020,3.2555
Cap Madeleine,QC,1939,3.2701
Cap Madeleine,QC,2020,4.119
Cape Dorset,NU,1929,-10.274
Cape Dorset,NU,2020,-7.6554
Cape Dyer,NU,1959,-12.018
Cape Dyer,NU,2016,-11.1346
Cape Hooper,NU,1959,-12.2003
Cape Hooper,NU,2018,-10.4832
Cape Parry,NT,1959,-12.267
Cape Parry,NT,2016,-10.161
Cape Scott,BC,1921,8.473
Cape Scott,BC,2005,9.0142
Cape St James,BC,1945,7.927
Cape St James,BC,2019,9.8043
Carberry,MB,1962,1.9765
Carberry,MB,2020,2.7003
Cardston,AB,1922,4.2644
Cardston,AB,2020,5.9295
Cariboo Lodge,BC,1916,1.0897
Cariboo Lodge,BC,2007,3.0657
Carlyle,SK,1923,1.0292
Carlyle,SK,2001,2.9546
Carmacks,YT,1963,-4.9406
Carmacks,YT,2020,-1.5758
Carman,MB,1990,2.8599
Carman,MB,2020,3.4353
Caron,SK,1914,3.132
Caron,SK,1998,3.7828
Cartwright,NL,1934,-0.5245
Cartwright,NL,2019,0.4372
Carway,AB,1914,3.5852
Carway,AB,2020,4.6428
Castlegar A,BC,1959,7.8898
Castlegar A,BC,2020,9.2145
Causapscal,QC,1914,1.7029
Causapscal,QC,2019,3.0606
Ceylon,SK,1942,1.2669
Ceylon,SK,2003,4.4859
Chapais,QC,1962,-1.5271
Chapais,QC,2020,0.3679
Chapleau,ON,1922,0.5343
Chapleau,ON,2016,2.3746
Chaplin,SK,1892,1.6915
Chaplin,SK,1995,4.2417
Charlo,NB,1966,2.8658
Charlo,NB,2020,4.3853
Charlottetown,PE,1879,4.6498
Charlottetown,PE,2020,6.2821
Charteris,QC,1988,4.4923
Charteris,QC,2019,5.9102
Chatham,ON,1889,8.114
Chatham,ON,2006,9.9582
Chatham Point,BC,1958,8.7965
Chatham Point,BC,2016,9.7784
Chatsworth,ON,1961,5.4491
Chatsworth,ON,2012,7.0849
Chelsea,QC,1927,4.8093
Chelsea,QC,2019,6.1966
Chesterfield,NU,1930,-12.0053
Chesterfield,NU,2013,-10.6544
Cheticamp,NS,1960,5.1099
Cheticamp,NS,2018,7.4271
Chibougamau,QC,1914,-1.4126
Chibougamau,QC,2020,0.3094
Chilliwack,BC,1895,9.2607
Chilliwack,BC,2014,10.9667
Churchill,MB,1931,-7.2657
Churchill,MB,2020,-5.638
Churchill Falls,NL,1968,-4.0024
Churchill Falls,NL,2018,-2.0174
Cleardale,AB,1964,-0.9332
Cleardale,AB,2020,1.9327
Clyde,NU,1948,-13.5942
Clyde,NU,2020,-11.6588
Coaticook,QC,1949,3.8899
Coaticook,QC,2019,6.2719
Cochrane,ON,1911,-0.0095
Cochrane,ON,1992,0.8501
Coderre,SK,1967,2.3884
Coderre,SK,2007,4.045
Cold Lake,AB,1925,0.059
Cold Lake,AB,2020,2.933
Colinet,NL,1938,4.9635
Colinet,NL,1992,5.03
Collegeville,NS,1917,2.7025
Collegeville,NS,2020,5.4976
Collingwood,ON,1891,7.006
Collingwood,ON,2020,7.8672
Collins Bay,SK,1972,-3.985
Collins Bay,SK,2018,-2.6428
Comox,BC,1935,9.0882
Comox,BC,2020,10.4467
Coniston,ON,1921,4.4975
Coniston,ON,1981,4.4435
Coral Harbour,NU,1945,-11.8551
Coral Harbour,NU,2018,-10.0743
Cormack,NL,1980,2.5873
Cormack,NL,2017,4.3061
Corner Brook,NL,1933,3.5196
Corner Brook,NL,2018,4.8616
Cornwall,ON,1950,6.2757
Cornwall,ON,2020,8.2957
Coronach,SK,1961,3.2346
Coronach,SK,2020,4.2601
Coronation,AB,1931,-0.7295
Coronation,AB,2020,2.4995
Cortes Island,BC,1952,8.4481
Cortes Island,BC,2017,10.4442
Cote,SK,1912,0.5724
Cote,SK,2006,1.3692
Cowichan Bay Cherry,BC,1913,9.8417
Cowichan Bay Cherry,BC,1984,9.4731
Cranbrook,BC,1901,4.5243
Cranbrook,BC,2020,6.2782
Creston,BC,1912,7.9936
Creston,BC,2020,8.8798
Cross Lake Jenpeg,MB,1972,-1.3512
Cross Lake Jenpeg,MB,2016,-0.3109
Crystal Falls,ON,1922,3.8107
Crystal Falls,ON,1988,3.5586
Cumberland,BC,1922,8.8838
Cumberland,BC,1976,8.1637
Cupar,SK,1955,1.593
Cupar,SK,2007,2.7057
Cypress Hills,SK,1981,3.9456
Cypress Hills,SK,2020,3.7991
Cypress River,MB,1950,0.9612
Cypress River,MB,2020,3.1194
Daniels Harbour,NL,1952,2.2315
Daniels Harbour,NL,2020,3.6977
Darfield,BC,1913,6.0094
Darfield,BC,2017,7.7953
Dauphin,MB,1902,0.9304
Dauphin,MB,2020,2.9619
Davidson,SK,1922,2.3775
Davidson,SK,2007,1.7082
Dawson,YT,1900,-6.0338
Dawson,YT,2020,-3.7575
Dawson Creek,BC,1952,0.7639
Dawson Creek,BC,2020,2.4778
Dease Lake,BC,1944,-1.4854
Dease Lake,BC,2020,-0.1199
Deer Lake,NL,1933,3.3994
Deer Lake,NL,2020,4.5125
Deerwood RCS,MB,1953,1.6085
Deerwood RCS,MB,2018,4.0766
Delhi,ON,1934,7.8514
Delhi,ON,2020,8.1895
Deline CS,NT,1994,-7.0537
Deline CS,NT,2020,-5.0912
Deming,NS,1913,6.0314
Deming,NS,2010,5.9505
Dewar Lakes,NU,1959,-13.4434
Dewar Lakes,NU,2016,-12.1352
Digby,NS,1914,5.9463
Digby,NS,1997,7.3503
Disraeli,QC,1910,3.0172
Disraeli,QC,1991,3.7608
Doaktown,NB,1954,4.3857
Doaktown,NB,2020,5.1077
Donnacona,QC,1918,2.8124
Donnacona,QC,2020,4.1216
Drummondville,QC,1913,4.2934
Drummondville,QC,2018,7.0555
Dryad Point,BC,1977,8.9276
Dryad Point,BC,2020,10.0063
Dryden,ON,1914,0.9108
Dryden,ON,2019,2.8865
Duncan,BC,1926,7.8152
Duncan,BC,2015,10.1783
Dundurn,SK,1923,2.107
Dundurn,SK,1985,2.4802
Ear Falls,ON,1931,0.3655
Ear Falls,ON,2020,2.3937
Earlton,ON,1938,1.7651
Earlton,ON,2020,2.9425
Eastleigh,SK,1958,2.0713
Eastleigh,SK,2007,4.4275
Edmonton,AB,1883,1.1612
Edmonton,AB,2020,2.8228
Edmonton Blatchford,AB,1996,4.3087
Edmonton Blatchford,AB,2020,4.3348
Edmonton Namao A,AB,1955,1.4547
Edmonton Namao A,AB,2020,3.4292
Edmundston,NB,1922,1.1689
Edmundston,NB,2020,3.0585
Edson A,AB,1916,1.681
Edson A,AB,2020,2.7869
Egbert CS,ON,1988,6.8492
Egbert CS,ON,2020,6.926
Elbow,SK,1956,1.8312
Elbow,SK,2020,3.5775
Elk Island Nat Park,AB,1981,2.3157
Elk Island Nat Park,AB,2020,3.653
Elk Point,AB,1917,-0.2871
Elk Point,AB,1997,1.3894
Elora RCS,ON,1969,5.786
Elora RCS,ON,2019,7.1544
Emerson,MB,1942,2.7215
Emerson,MB,2018,4.0134
Empress,AB,1942,3.4089
Empress,AB,2006,4.9986
Ennadai Lake,NU,1949,-9.7915
Ennadai Lake,NU,2020,-7.517
Entrance,AB,1917,3.6683
Entrance,AB,2019,3.9537
Estevan,SK,1902,1.3272
Estevan,SK,2020,4.1346
Estevan Point,BC,1923,8.7799
Estevan Point,BC,2020,9.6696
Eureka,NU,1947,-20.2242
Eureka,NU,2020,-17.9815
Exploits Dam,NL,1956,2.904
Exploits Dam,NL,2006,3.6465
Fairview,AB,1931,-1.178
Fairview,AB,2020,1.4296
Farnham,QC,1917,5.3422
Farnham,QC,2018,6.61
Faro (Aut),YT,1977,-2.6224
Faro (Aut),YT,2020,-1.1566
Fauquier,BC,1913,6.7871
Fauquier,BC,2018,8.1681
Fergus Shand Dam,ON,1939,5.1769
Fergus Shand Dam,ON,2020,7.2938
Fernie,BC,1913,4.1245
Fernie,BC,2020,5.4858
Fisher Branch,MB,1977,0.2607
Fisher Branch,MB,2020,2.1314
Fleury,QC,1966,4.7647
Fleury,QC,2019,6.7855
Flin Flon,MB,1929,-2.237
Flin Flon,MB,2020,0.6089
Foldens,ON,1963,7.0094
Foldens,ON,2015,8.5518
Foremost,AB,1960,3.8517
Foremost,AB,2020,5.6743
Foret Montmorency RC,QC,1965,-0.7578
Foret Montmorency RC,QC,2020,0.7364
Fort Assiniboine,AB,1971,1.4247
Fort Assiniboine,AB,2020,2.4426
Fort Chipewyan,AB,1883,-3.141
Fort Chipewyan,AB,2020,-0.947
Fort Frances,ON,1916,1.4232
Fort Frances,ON,2020,3.3978
Fort Good Hope,NT,1944,-8.2617
Fort Good Hope,NT,2019,-4.5748
Fort Good Hope 2,NT,1910,-8.0915
Fort Good Hope 2,NT,1967,-8.5126
Fort Liard,NT,1973,-1.7374
Fort Liard,NT,2019,0.0864
Fort Macleod,AB,1895,3.8683
Fort Macleod,AB,1988,6.0468
Fort McMurray,AB,1915,-1.4394
Fort McMurray,AB,2020,1.8253
Fort McPherson,NT,1939,-8.7547
Fort McPherson,NT,2014,-7.1932
Fort Nelson,BC,1938,-1.7849
Fort Nelson,BC,2020,0.4315
Fort Providence,NT,1994,-2.9389
Fort Providence,NT,2020,-1.82
Fort Qu'Appelle,SK,1911,1.9412
Fort Qu'Appelle,SK,1973,2.0946
Fort Reliance,NT,1948,-7.7093
Fort Reliance,NT,2020,-5.2314
Fort Resolution,NT,1912,-5.1507
Fort Resolution,NT,2004,-3.2137
Fort Saskatchewan,AB,1958,2.0285
Fort Saskatchewan,AB,2014,3.5379
Fort Simpson,NT,1897,-5.5075
Fort Simpson,NT,2020,-1.8455
Fort Smith,NT,1914,-4.9273
Fort Smith,NT,2020,-0.6973
Fort St James,BC,1894,1.0411
Fort St James,BC,2020,3.9654
Fort St John,BC,1938,1.174
Fort St John,BC,2020,2.7382
Fort Vermilion,AB,1908,-2.4377
Fort Vermilion,AB,2020,0.5689
Fortierville,QC,1972,3.9865
Fortierville,QC,2019,5.5822
Fox Five,NU,1958,-11.7102
Fox Five,NU,2018,-10.284
Fredericton,NB,1879,4.3266
Fredericton,NB,2020,6.4318
Gagetown,NB,1956,4.7462
Gagetown,NB,2018,6.1147
Gander,NL,1937,3.9823
Gander,NL,2019,4.8151
Gaspe,QC,1915,2.8566
Gaspe,QC,2020,3.9068
Geraldton,ON,1967,-0.3778
Geraldton,ON,2020,1.224
Germansen,BC,1956,0.0993
Germansen,BC,2013,1.8399
Gilbert Plains,MB,1958,0.8443
Gilbert Plains,MB,2016,2.0779
Gillam,MB,1944,-4.6206
Gillam,MB,2017,-3.3933
Gimli,MB,1944,1.2978
Gimli,MB,2020,2.4241
Gjoa Haven Climate,NU,1986,-15.165
Gjoa Haven Climate,NU,2018,-12.7052
Glacier,BC,1907,1.0653
Glacier,BC,2009,1.9523
Gleichen,AB,1903,2.3589
Gleichen,AB,2020,3.7961
Glen Allan,ON,1958,5.6002
Glen Allan,ON,2014,7.3806
Goderich,ON,1912,6.5643
Goderich,ON,2020,8.1126
Golden,BC,1902,3.3155
Golden,BC,2020,5.6154
Goose,NL,1941,-0.1411
Goose,NL,2020,0.7411
Gore Bay,ON,1917,5.028
Gore Bay,ON,2020,6.0943
Granby,QC,1948,5.5124
Granby,QC,2019,6.8158
Grand Falls,NB,1928,2.6499
Grand Falls,NB,2016,3.7053
Grand Falls,NL,1933,4.5993
Grand Falls,NL,2018,4.1881
Grand Forks,BC,1911,6.6756
Grand Forks,BC,2020,8.3904
Grand Rapids,MB,1961,-0.643
Grand Rapids,MB,2020,0.3076
Grande Prairie,AB,1931,0.5852
Grande Prairie,AB,2020,2.807
Grandes Bergeronnes,QC,1913,3.7114
Grandes Bergeronnes,QC,2020,3.9576
Gravelbourg,SK,1921,3.8502
Gravelbourg,SK,1994,4.165
Great Falls,MB,1922,1.8385
Great Falls,MB,2020,2.9926
Greenwood,BC,1912,5.279
Greenwood,BC,1976,6.1028
Greenwood,NS,1952,6.7014
Greenwood,NS,2020,8.1136
Gretna (Aut),MB,1959,3.2073
Gretna (Aut),MB,2019,3.7368
Grimsby,ON,1909,8.544
Grimsby,ON,1985,9.1573
Guelph,ON,1881,6.5772
Guelph,ON,2020,6.7728
Haines Junction,YT,1944,-3.6451
Haines Junction,YT,2019,-1.1688
Haliburton,ON,1888,3.0749
Haliburton,ON,2020,5.1824
Halifax,NS,1879,4.822
Halifax,NS,2020,7.2882
Hall Beach,NU,1958,-14.6582
Hall Beach,NU,2020,-12.3619
Hamilton,ON,1879,5.8832
Hamilton,ON,2020,8.335
Hamiota,MB,1914,1.229
Hamiota,MB,2002,2.1864
Harrow,ON,1917,8.7964
Harrow,ON,2020,9.7616
Harvey Station,NB,1920,4.8276
Harvey Station,NB,1996,5.266
Havre St Pierre,QC,1966,0.5524
Havre St Pierre,QC,2020,1.7185
Hay River,NT,1895,-5.365
Hay River,NT,2020,-1.6103
Hemmingford Four,QC,1960,5.5613
Hemmingford Four,QC,2019,7.261
High Level,AB,1967,-1.8891
High Level,AB,2020,-0.1095
High Prairie,AB,1927,1.2445
High Prairie,AB,2020,1.8495
High River,AB,1906,1.9634
High River,AB,2006,2.9264
Hillsdown,AB,1903,1.475
Hillsdown,AB,1981,2.1914
Hope,BC,1937,9.4994
Hope,BC,2020,10.5753
Hopedale,NL,1941,-2.1823
Hopedale,NL,2018,-1.1909
Hornepayne,ON,1920,0.2112
Hornepayne,ON,1995,0.3444
Houston,BC,1990,4.3834
Houston,BC,2020,4.9039
Huberdeau,QC,1913,4.4416
Huberdeau,QC,1979,4.2744
Hudson Bay,SK,1943,-0.1795
Hudson Bay,SK,2020,1.4267
Hughenden,AB,1935,1.6815
Hughenden,AB,1983,1.684
Ignace,ON,1913,0.7879
Ignace,ON,1968,0.8134
Iles Madeleine,QC,1933,4.1052
Iles Madeleine,QC,2016,5.7059
Indian Bay,MB,1915,1.7295
Indian Bay,MB,2020,3.0084
Indian Head,SK,1890,0.1489
Indian Head,SK,2020,2.549
Ingonish Beach,NS,1950,6.3082
Ingonish Beach,NS,2020,6.6797
Inukjuak,QC,1927,-5.7955
Inukjuak,QC,2020,-5.621
Inuvik,NT,1957,-10.274
Inuvik,NT,2020,-5.776
Iqaluit,NU,1950,-9.4779
Iqaluit,NU,2019,-8.3385
Iroquois Falls,ON,1914,0.7861
Iroquois Falls,ON,1998,1.157
Island Falls,SK,1931,-2.3867
Island Falls,SK,2020,-0.8417
Island Lake A,MB,1970,-1.6491
Island Lake A,MB,2016,0.0091
Ivory Island,BC,1989,8.8993
Ivory Island,BC,2020,9.4208
James Island,BC,1914,10.1186
James Island,BC,1978,9.8847
Jasper,AB,1931,1.9861
Jasper,AB,2020,3.5121000000000002
Jenner,AB,1915,2.9028
Jenner,AB,2007,5.0029
Joe Rich Creek,BC,1949,3.8785
Joe Rich Creek,BC,2009,5.3712
Joliette,QC,1915,3.8421
Joliette,QC,2020,6.1771
Kakabeka Falls,ON,1908,1.6539
Kakabeka Falls,ON,2014,3.0068
Kamloops,BC,1896,7.6939
Kamloops,BC,2020,9.5677
Kananaskis,AB,1939,2.6083
Kananaskis,AB,2020,3.9332
Kapuskasing,ON,1917,-0.2636
Kapuskasing,ON,2020,1.7894
Kaslo,BC,1912,6.4503
Kaslo,BC,2018,8.0964
Kedgwick,NB,1932,1.517
Kedgwick,NB,1994,2.1418
Keg River,AB,1935,-0.7328
Keg River,AB,2006,0.2428
Kejimkujik Park,NS,1966,6.579
Kejimkujik Park,NS,2020,7.6335
Kelliher,SK,1907,0.3096
Kelliher,SK,2020,2.3418
Kelowna,BC,1902,5.4976
Kelowna,BC,2020,8.5853
Kemano,BC,1952,6.2927
Kemano,BC,2020,7.7286
Kemptville,ON,1928,5.8762
Kemptville,ON,2020,6.2997
Kenora,ON,1899,1.6516
Kenora,ON,2020,3.4573
Kentville,NS,1899,6.0279
Kentville,NS,2020,7.5581
Keremeos,BC,1912,9.4246
Keremeos,BC,2000,9.8791
Key Lake,SK,1979,-3.2612
Key Lake,SK,2020,-2.7548
Kimberley,BC,1943,4.5709
Kimberley,BC,2020,6.2022
Kindersley,SK,1942,1.9975
Kindersley,SK,2020,3.3139
Kingston,ON,1879,5.9739
Kingston,ON,2020,7.5197
Kipling,SK,1950,1.7665
Kipling,SK,2020,3.2503
Kirkland,ON,1953,1.0747
Kirkland,ON,2020,2.559
Kitchener,ON,1914,6.8557
Kitchener,ON,2019,7.2874
Kitimat,BC,1951,6.3763
Kitimat,BC,2020,8.6541
Kitimat Townsite,BC,1954,6.3522
Kitimat Townsite,BC,2019,7.752
Klintonel,SK,1913,3.2752
Klintonel,SK,2020,3.8978
Komakuk Beach,YT,1967,-10.801
Komakuk Beach,YT,2016,-9.4972
Kugaaruk Climate,NU,1960,-15.3336
Kugaaruk Climate,NU,2017,-12.5068
Kugluktuk,NU,1932,-12.0975
Kugluktuk,NU,2020,-9.5664
Kuujjuaq,QC,1947,-5.034
Kuujjuaq,QC,2020,-4.1228
Kuujjuarapik,QC,1925,-4.0568
Kuujjuarapik,QC,2020,-2.6474
La Grande Iv,QC,1985,-3.5492
La Grande Iv,QC,2019,-1.8134
La Grande Riviere,QC,1976,-2.6427
La Grande Riviere,QC,2020,-1.9384
La Macaza,QC,1956,2.6421
La Macaza,QC,2019,4.6525
La Malbaie,QC,1915,2.8288
La Malbaie,QC,1997,3.7307
La Pocatiere,QC,1913,3.2112
La Pocatiere,QC,2020,4.8644
La Ronge,SK,1923,-1.3741
La Ronge,SK,2020,1.0449
La Sarre,QC,1951,0.5413
La Sarre,QC,2020,3.0443
La Tuque,QC,1912,3.1195
La Tuque,QC,2020,3.2568
Labrieville,QC,1960,1.5904
Labrieville,QC,1994,1.3592
Lac Bouchette,QC,1952,1.0554
Lac Bouchette,QC,2010,2.0822
Lac Humqui,QC,1972,1.6008
Lac Humqui,QC,2019,3.1531
Lac La Biche,AB,1944,0.7558
Lac La Biche,AB,2020,2.3943
Lac Ste Croix,QC,1958,1.1479
Lac Ste Croix,QC,2008,2.5636
Lachute,QC,1963,4.5913
Lachute,QC,2019,6.9464
Lacombe,AB,1907,1.1154
Lacombe,AB,2020,3.0483
Laidlaw,BC,1977,10.0195
Laidlaw,BC,2017,11.1445
Lake Louise,AB,1919,0.5289
Lake Louise,AB,2007,0.8034
Lambton,QC,1915,3.3029
Lambton,QC,1994,4.5647
Langara,BC,1936,7.4375
Langara,BC,2020,8.1318
Lansdowne House,ON,1941,-2.457
Lansdowne House,ON,2019,-0.6051
Last Mountain CS,SK,1975,2.6475
Last Mountain CS,SK,2019,2.2961
Lauzon,QC,1978,3.9017
Lauzon,QC,2019,5.0609
Leader,SK,1923,3.5443
Leader,SK,2020,4.2089
Leamington,ON,1916,8.1501
Leamington,ON,2020,9.9739
Lennoxville,QC,1914,4.5217
Lennoxville,QC,2018,5.9641
Les Cedres,QC,1913,5.0746
Les Cedres,QC,2019,6.7343
Lethbridge,AB,1901,4.4696
Lethbridge,AB,2020,6.3141
Lethbridge A,AB,1937,4.4691
Lethbridge A,AB,2020,5.9945
Liverpool,NS,1940,7.1762
Liverpool,NS,2005,7.6558
London,ON,1883,6.273
London,ON,2020,8.5584
Longstaff Bluff,NU,1958,-12.8722
Longstaff Bluff,NU,2009,-11.3527
Loon Lake,SK,1932,-0.2239
Loon Lake,SK,2020,1.8942
Lourdes De Blanc Sa,QC,1982,-0.0207
Lourdes De Blanc Sa,QC,2020,1.604
Lucknow,ON,1886,6.7869
Lucknow,ON,1993,7.028
Lumsden,SK,1923,2.6075
Lumsden,SK,1994,3.0389
Lupin,NU,1958,-12.336
Lupin,NU,2019,-9.4555
Luskville,QC,1981,5.0119
Luskville,QC,2019,6.6592
Lynn Lake,MB,1952,-3.9874
Lynn Lake,MB,2019,-2.9332
Lytton,BC,1944,9.5462
Lytton,BC,2020,10.6705
Lytton,QC,1926,2.4252
Lytton,QC,1994,2.5815
Macdonald Coll,QC,1908,6.5558
Macdonald Coll,QC,2020,7.5019
Mackenzie,BC,1971,1.8078
Mackenzie,BC,2020,3.7797
Madawaska,ON,1915,1.7049
Madawaska,ON,2020,3.4775
Magog,QC,1951,4.7767
Magog,QC,2019,6.2365
Maniwaki,QC,1917,3.4058
Maniwaki,QC,2020,4.4937
Mankota,SK,1962,2.8631
Mankota,SK,2020,3.9334
Maple Creek,SK,1921,4.0711
Maple Creek,SK,2020,5.0236
Mary's Harbour,NL,1884,-1.773
Mary's Harbour,NL,2020,0.9845
Masinasin,AB,1982,6.8722
Masinasin,AB,2020,5.6754
Masset A,BC,1899,7.6556
Masset A,BC,2020,8.1147
Matagami,QC,1973,-0.9711
Matagami,QC,2020,0.7968
Mayo,YT,1928,-4.4315
Mayo,YT,2020,-1.6643
McAdam,NB,1924,3.6612
McAdam,NB,1975,4.7006
McBride,BC,1923,3.7292
McBride,BC,2009,4.8843
McCreary,MB,1971,2.2852
McCreary,MB,2020,3.419
McCulloch,BC,1935,2.454
McCulloch,BC,1994,2.8122
McInnes Island,BC,1955,8.3405
McInnes Island,BC,2020,9.4638
Meadow Lake,SK,1967,0.2261
Meadow Lake,SK,2020,1.2438
Medicine Hat,AB,1884,4.0951
Medicine Hat,AB,2020,6.4692
Melfort,SK,1901,0.1468
Melfort,SK,2020,1.5069
Melita,MB,1933,0.9127
Melita,MB,2020,3.4788
Merritt,BC,1962,6.4358
Merritt,BC,2019,8.6187
Meteghan River,NS,1937,6.3945
Meteghan River,NS,2020,7.765
Mica Dam,BC,1962,4.339
Mica Dam,BC,2014,6.085
Midale,SK,1923,2.6403
Midale,SK,2006,3.6989
Milan,QC,1949,2.8729
Milan,QC,2012,4.0103
Millgrove,ON,1953,6.9575
Millgrove,ON,2006,8.1866
Minden,ON,1956,4.18
Minden,ON,2011,6.2049
Mine Centre,ON,1916,0.9158
Mine Centre,ON,2020,2.7752
Minnedosa,MB,1881,0.7152
Minnedosa,MB,2007,3.1416
Mirachimi,NB,1879,3.2179
Mirachimi,NB,2020,5.488
Miscou Island,NB,1965,3.8288
Miscou Island,NB,2020,5.1271
Moncton,NB,1898,4.5281
Moncton,NB,2020,6.1976
Mont Joli,QC,1879,1.975
Mont Joli,QC,2019,4.3834
Mont Laurier,QC,1922,3.6592
Mont Laurier,QC,2012,4.6449
Montreal River,ON,1910,2.5064
Montreal River,ON,1967,3.0927
Montreal Tavish,QC,1879,4.8353
Montreal Tavish,QC,2020,8.0898
Montreal Trudeau In,QC,1952,6.0662
Montreal Trudeau In,QC,2020,7.6843
Moose Jaw,SK,1894,3.0705
Moose Jaw,SK,2020,4.1788
Moosomin,SK,1941,1.8245
Moosomin,SK,1995,2.8415
Moosonee,ON,1879,0.2546
Moosonee,ON,2020,0.5185
Morden Exp Farm,MB,1904,2.8491
Morden Exp Farm,MB,2020,4.1438
Morris,MB,1915,2.905
Morris,MB,1983,2.8038
Morrisburg,ON,1914,5.5007
Morrisburg,ON,2007,6.975
Mould Bay,NT,1950,-18.4351
Mould Bay,NT,2020,-15.7372
Mount Forest,ON,1915,4.8509
Mount Forest,ON,2020,6.3157
Mount Uniacke,NS,1920,5.4046
Mount Uniacke,NS,2000,5.8172
Muenster,SK,1904,-0.0351
Muenster,SK,2020,2.0153
Muncho Lake A,BC,1971,-1.0448
Muncho Lake A,BC,2014,1.305
Muskoka,ON,1952,4.6902
Muskoka,ON,2020,5.5043
Nain,NL,1984,-2.6845
Nain,NL,2020,-1.6376
Nakusp,BC,1965,6.9591
Nakusp,BC,2020,8.8158
Nanaimo A,BC,1901,8.2382
Nanaimo A,BC,2020,10.4624
Nanaimo Departure Ba,BC,1913,10.1348
Nanaimo Departure Ba,BC,1991,10.4408
Nappan,NS,1913,4.942
Nappan,NS,2020,6.3771
Nashlyn,SK,1915,3.2277
Nashlyn,SK,1979,2.4711
Nass Camp,BC,1976,5.113
Nass Camp,BC,2018,6.2594
Natashquan,QC,1914,-0.0977
Natashquan,QC,2020,1.8363
Nelson,BC,1903,7.2709
Nelson,BC,2019,9.0336
Nepisiguit Falls,NB,1922,3.2198
Nepisiguit Falls,NB,2005,4.3237
New Carlisle,QC,1974,3.4874
New Carlisle,QC,2020,4.5188
New Denver,BC,1968,7.2603
New Denver,BC,2020,8.9314
New Glasgow,ON,1957,7.7647
New Glasgow,ON,2017,9.1995
New Hazelton,BC,1914,4.2989
New Hazelton,BC,1976,4.2838
New Westminster,BC,1880,9.5448
New Westminster,BC,2020,10.7146
Niagara Falls,ON,1942,8.9058
Niagara Falls,ON,2006,8.8288
Nicolet,QC,1914,4.8753
Nicolet,QC,2019,5.6246
Ninette,MB,1911,2.2004
Ninette,MB,1995,2.8964
Nipawin,SK,1911,-0.0319
Nipawin,SK,2020,0.9008
Nokomis,SK,1923,1.2826
Nokomis,SK,2007,2.5231
Nominingue,QC,1915,1.6963
Nominingue,QC,2011,4.0571
Nordegg,AB,1965,1.3653
Nordegg,AB,2020,2.7531
Norman Wells,NT,1943,-7.8621
Norman Wells,NT,2020,-5.0266
Normandin,QC,1937,0.4238
Normandin,QC,2020,1.7312
North Bay,ON,1924,3.1179
North Bay,ON,2020,4.8466
Northbattleford,SK,1891,1.102
Northbattleford,SK,2020,2.4794
Norway House,MB,1896,-2.1246
Norway House,MB,2020,-0.2399
Not Dame Du Laus,QC,1929,4.0577
Not Dame Du Laus,QC,1991,4.0631
Ocean Falls,BC,1923,8.8314
Ocean Falls,BC,1985,8.0826
Oka,QC,1938,4.4752
Oka,QC,2012,6.2185
Okanagan Centre,BC,1926,8.5119
Okanagan Centre,BC,2019,10.1768
Old Crow,YT,1952,-10.7136
Old Crow,YT,2020,-6.6702
Olds,AB,1915,2.0872
Olds,AB,2016,3.4112
Oliver,BC,1939,8.4874
Oliver,BC,2005,10.1725
Oliver Stp,BC,1954,9.7274
Oliver Stp,BC,2018,10.7405
Onefour CDA,AB,1928,4.0847
Onefour CDA,AB,2020,5.3421
Ootsa Lake Skins Lak,BC,1926,1.3867
Ootsa Lake Skins Lak,BC,2019,2.6427
Orangeville,ON,1961,5.2964
Orangeville,ON,2016,6.712
Orillia,ON,1893,5.217
Orillia,ON,2012,6.6425
Ormstown,QC,1963,5.9018
Ormstown,QC,2019,7.404
Orono,ON,1923,6.8299
Orono,ON,2020,8.4892
Osoyoos,BC,1954,10.5541
Osoyoos,BC,2020,10.8227
Ottawa,ON,1889,4.6778
Ottawa,ON,2020,6.6024
Outlook,SK,1915,1.9407
Outlook,SK,2020,3.9716
Owen Sound,ON,1879,6.166
Owen Sound,ON,2007,7.3776
Pachena Point,BC,1924,8.5068
Pachena Point,BC,2020,9.5771
Parent,QC,1943,0.5424
Parent,QC,2020,1.6803
Parrsboro,NS,1897,3.4181
Parrsboro,NS,2020,5.7309
Parry Sound,ON,1879,3.6943
Parry Sound,ON,2020,6.7047
Paswegin,SK,1963,0.0693
Paswegin,SK,2003,2.0236
Paulatuk,NT,1993,-9.1282
Paulatuk,NT,2020,-8.0144
Peace River,AB,1907,0.7427
Peace River,AB,2020,1.7745
Pekisko,AB,1906,1.7787
Pekisko,AB,2020,2.7283
Pelee Island,ON,1889,8.4758
Pelee Island,ON,1987,10.0275
Pelly,SK,1951,-0.4294
Pelly,SK,2017,2.4587
Pelly Ranch,YT,1956,-5.4148
Pelly Ranch,YT,2017,-1.6579
Pemberton Airport CS,BC,1912,6.8667
Pemberton Airport CS,BC,2018,8.6783
Pembroke Climate,ON,1879,4.1278
Pembroke Climate,ON,2020,5.1399
Penticton,BC,1908,8.5149
Penticton,BC,2020,9.7966
Petawawa,ON,1952,3.9782
Petawawa,ON,2020,5.1818
Peterborough,ON,1881,5.1313
Peterborough,ON,2019,6.3041
Pickle Lake,ON,1933,-0.6287
Pickle Lake,ON,2020,0.8192
Pilger,SK,1912,0.5411
Pilger,SK,2020,1.7693
Pilot Mound,MB,1942,1.8697
Pilot Mound,MB,2020,2.6266
Pinawa,MB,1915,-0.1312
Pinawa,MB,2020,2.6323
Pincher Creek,AB,1900,3.4416
Pincher Creek,AB,2020,5.0196
Pitt Polder,BC,1953,9.1783
Pitt Polder,BC,2008,10.2938
Plum Point,NL,1972,1.6371
Plum Point,NL,2016,3.4824
Pointe Au Chene,QC,1958,5.6246
Pointe Au Chene,QC,2009,6.3
Pond Inlet,NU,1923,-15.2216
Pond Inlet,NU,2020,-13.8138
Poplar River,SK,1956,2.778
Poplar River,SK,2002,3.8579
Port Alice,BC,1955,9.4489
Port Alice,BC,2015,9.8702
Port Auxbasques,NL,1909,3.469
Port Auxbasques,NL,2020,4.8388
Port Daniel,QC,1927,3.5996
Port Daniel,QC,1991,3.3461
Port Dover,ON,1879,7.2436
Port Dover,ON,1984,8.2432
Port Hardy,BC,1944,7.7351
Port Hardy,BC,2020,8.9236
Port Stanley,ON,1879,7.0186
Port Stanley,ON,1993,7.6199
Portage Des Roches,QC,1925,2.6162
Portage Des Roches,QC,1984,1.9643
Portage La Prairie,MB,1887,1.2594
Portage La Prairie,MB,1996,2.7984
Portage Southport,MB,1941,2.1516
Portage Southport,MB,2019,3.7522
Powell River,BC,1923,9.0161
Powell River,BC,2020,9.7135
Powell River A,BC,1955,8.9098
Powell River A,BC,2020,9.8251
Price,QC,1931,3.2591
Price,QC,1985,3.5775
Prince Albert,SK,1885,-0.4742
Prince Albert,SK,2020,1.841
Prince George,BC,1915,2.9026
Prince George,BC,2020,4.7182
Prince Rupert,BC,1908,6.304
Prince Rupert,BC,2020,7.8792
Princeton,BC,1900,5.1373
Princeton,BC,2020,6.7102
Pukaskwa,ON,1952,0.8989
Pukaskwa,ON,2020,2.3882
Qu'Appelle,SK,1884,1.2724
Qu'Appelle,SK,2020,3.1616
Quaqtaq,QC,1942,-7.0443
Quaqtaq,QC,1986,-7.0248
Quatsino,BC,1895,8.7868
Quatsino,BC,2016,10.0037
Quebec,QC,1879,2.7303
Quebec,QC,2020,5.3199
Quesnel,BC,1898,3.954
Quesnel,BC,2020,5.7625
Quinsam River,BC,1958,8.5557
Quinsam River,BC,2018,9.7933
Ranfurly,AB,1904,0.213
Ranfurly,AB,2020,3.1297
Rankin Inlet A,NU,1981,-11.6632
Rankin Inlet A,NU,2020,-9.2632
Rawson Lake,ON,1969,1.9432
Rawson Lake,ON,2014,3.8659
Red Deer,AB,1913,1.6074
Red Deer,AB,2013,4.0287
Red Deer A,AB,1938,1.8806
Red Deer A,AB,2020,3.1144
Red Lake,ON,1964,-0.4017
Red Lake,ON,2016,2.0667
Regina,SK,1897,1.3317
Regina,SK,2020,3.4987
Resolute,NU,1947,-17.0798
Resolute,NU,2020,-14.5981
Resolution Island,NU,1929,-7.478
Resolution Island,NU,2016,-7.3817
Revelstoke,BC,1898,6.2245
Revelstoke,BC,2020,7.6466
Rexton,NB,1924,4.9983
Rexton,NB,2006,6.1519
Richmond,QC,1973,4.5016
Richmond,QC,2019,6.445
Ridgetown,ON,1923,8.4767
Ridgetown,ON,2020,8.5732
Rimouski,QC,1952,2.3652
Rimouski,QC,2020,3.5571
Riviere Des Prairie,QC,1972,5.7458
Riviere Des Prairie,QC,2019,7.2034
Riviere Verte Ou,QC,1965,2.7938
Riviere Verte Ou,QC,2018,4.2412
Roberval,QC,1913,1.7411
Roberval,QC,2018,3.3517
Roblin,MB,1969,0.473
Roblin,MB,2020,1.585
Rockglen (Aut),SK,1970,3.3608
Rockglen (Aut),SK,2020,4.3861
Rocky Harbour,NL,1972,4.1355
Rocky Harbour,NL,2013,5.1088
Rocky Mtn House,AB,1917,1.0741
Rocky Mtn House,AB,2020,2.1596
Rosetown,SK,1937,1.3554
Rosetown,SK,2020,2.7974
Russell,MB,1883,-0.674
Russell,MB,1990,1.583
Saanichton CDA,BC,1914,9.3969
Saanichton CDA,BC,2019,10.3889
Sable Island,NS,1897,6.9249
Sable Island,NS,2020,8.2959
Sachs Harbour,NT,1956,-14.7738
Sachs Harbour,NT,2017,-11.259
Sackville,NB,1934,5.5763
Sackville,NB,2002,5.6127
Saint John,NB,1879,3.9181
Saint John,NB,2020,5.749
Saint Michel,QC,1978,3.5958
Saint Michel,QC,2019,5.3164
Salmon Arm,BC,1911,7.2259
Salmon Arm,BC,2020,7.5143
Salmon Hole,NS,1938,6.1045
Salmon Hole,NS,2010,7.3392
Saltspring,BC,1909,9.0791
Saltspring,BC,2020,11.1205
Sandspit,BC,1948,7.6237
Sandspit,BC,2020,9.1615
Sarnia,ON,1969,7.6406
Sarnia,ON,2020,8.9785
Saskatoon,SK,1901,0.8743
Saskatoon,SK,2020,3.0152
Saturna Capmon,BC,1989,10.0409
Saturna Capmon,BC,2020,10.3656
Sault Ste Marie,ON,1945,4.1674
Sault Ste Marie,ON,2020,5.3877
Sawyerville Nord,QC,1961,3.7898
Sawyerville Nord,QC,2019,5.8399
Schefferville,QC,1948,-4.8626
Schefferville,QC,2019,-3.7751
Schreiber,ON,1911,1.4013
Schreiber,ON,1975,1.103
Schuler,AB,1986,5.1267
Schuler,AB,2020,4.342
Scott,QC,1951,3.5193
Scott,QC,2019,5.05
Scott,SK,1911,1.0016
Scott,SK,2020,1.9122
Semans,SK,1923,0.8703
Semans,SK,1994,2.3261
Sept Iles,QC,1944,0.3175
Sept Iles,QC,2020,1.5785
Shaunavon,SK,1915,3.5675
Shaunavon,SK,2003,4.6293
Shawinigan,QC,1902,3.0462
Shawinigan,QC,2020,5.0806
Shawnigan Lake,BC,1913,8.8082
Shawnigan Lake,BC,2020,10.1385
Shearwater A,NS,1952,6.8565
Shearwater A,NS,2020,7.9212
Shepherd Bay,NU,1957,-16.0011
Shepherd Bay,NU,2015,-14.4895
Sherbrooke,QC,1923,3.9732
Sherbrooke,QC,2020,5.0451
Shingle Point,YT,1957,-11.0521
Shingle Point,YT,2016,-8.0318
Shipshaw,QC,1921,1.3335
Shipshaw,QC,1993,3.1385
Shoal Lake CS,MB,1962,0.6647
Shoal Lake CS,MB,2020,1.5811
Simcoe,ON,1920,7.3385
Simcoe,ON,1986,7.7447
Simonette,AB,1973,2.8043
Simonette,AB,2005,2.8685
Sion,AB,1910,1.9779
Sion,AB,2020,2.5287
Sioux Lookout,ON,1914,0.1229
Sioux Lookout,ON,2020,2.7254
Slave Lake,AB,1924,1.0606
Slave Lake,AB,2020,2.2396
Smithers,BC,1922,3.0163
Smithers,BC,2020,4.6625
Smoky Falls,ON,1933,-0.4519
Smoky Falls,ON,1997,0.8457
Sorel,QC,1915,4.3496
Sorel,QC,2019,7.3455
South Slocan,BC,1940,7.9016
South Slocan,BC,1989,7.7623
Southampton,ON,1879,5.5034
Southampton,ON,2018,7.5316
Sprague,MB,1916,0.1483
Sprague,MB,2019,2.9178
Springfield,NS,1921,5.4314
Springfield,NS,2003,6.9319
Squamish,BC,1986,9.4384
Squamish,BC,2019,9.9248
St Alban,QC,1949,3.8663
St Alban,QC,2019,5.1937
St Ambroise,QC,1958,1.1122
St Ambroise,QC,2019,2.4389
St Anicet,QC,1960,4.8105
St Anicet,QC,2020,7.1363
St Anthony,NL,1947,1.7757
St Anthony,NL,2020,1.9232
St Camille,QC,1963,2.2905
St Camille,QC,2019,3.5146
St Catharines,ON,1914,8.037
St Catharines,ON,2020,9.9379
St Charles De Mande,QC,1977,3.5886
St Charles De Mande,QC,2019,5.3904
St Come,QC,1954,2.914
St Come,QC,2018,3.5852
St Come De Liniere,QC,1967,3.3081
St Come De Liniere,QC,2019,4.732
St Ephrem,QC,1929,3.0254
St Ephrem,QC,2016,4.3664
St Fereol,QC,1915,1.7242
St Fereol,QC,1982,3.4414
St Flavien,QC,1962,3.1995
St Flavien,QC,2015,4.9768
St George,NB,1923,5.0234
St George,NB,1981,5.7958
St Guillaume,QC,1967,4.6544
St Guillaume,QC,2011,6.3872
St Hippolyte,QC,1963,3.4698
St Hippolyte,QC,2019,4.8837
St Hubert Mont,QC,1952,5.7864
St Hubert Mont,QC,2020,7.3251
St Hyacinthe,QC,1934,5.533
St Hyacinthe,QC,2019,6.8684
St Jerome,QC,1932,4.1416
St Jerome,QC,2019,5.7678
St John S,NL,1879,3.5462
St John S,NL,2020,5.7082
St John West,NL,1951,4.1301
St John West,NL,2020,5.2723
St Lawrence,NL,1990,5.0306
St Lawrence,NL,2020,6.0327
St Leonard,NB,1985,2.7476
St Leonard,NB,2014,4.4238
St Ludger,QC,1965,3.347
St Ludger,QC,2019,5.3063
St Malo d'Auckl,QC,1950,4.9167
St Malo d'Auckl,QC,2019,4.6608
St Margaret's Bay,NS,1922,5.6689
St Margaret's Bay,NS,2019,7.0582
St Michel Des Sain,QC,1969,2.2395
St Michel Des Sain,QC,2019,3.5862
St Narcisse,QC,1973,3.6685
St Narcisse,QC,2019,5.6856
St Pamphile,QC,1951,3.1693
St Pamphile,QC,1997,3.0241
St Peters,PE,1960,4.8193
St Peters,PE,2018,6.6867
St Prime,QC,1981,1.925
St Prime,QC,2019,3.2534
St Sebastien,QC,1978,3.3621
St Sebastien,QC,2010,4.2904
St Thomas,ON,1925,7.7364
St Thomas,ON,2009,8.6431
St Tite,QC,1920,3.5346
St Tite,QC,1985,3.7392
Stave Falls,BC,1909,9.7694
Stave Falls,BC,2004,10.0807
Ste Anne Dela Perade,QC,1949,3.8431
Ste Anne Dela Perade,QC,2019,5.3366
Ste Anne Du Lac,QC,1964,1.9171
Ste Anne Du Lac,QC,2019,3.8369
Ste Beatrix,QC,1975,3.8434
Ste Beatrix,QC,2019,4.4806
Ste Germaine,QC,1964,2.4605
Ste Germaine,QC,2008,3.4956
Ste Madeleine,QC,1981,5.436
Ste Madeleine,QC,2012,7.3268
Stephenville,NL,1898,3.3303
Stephenville,NL,2020,4.7354
Sterose Degelis,QC,1932,2.6562
Sterose Degelis,QC,1999,3.0783
Stettler North,AB,1918,1.4561
Stettler North,AB,2020,3.2768
Stewart,BC,1910,5.0705
Stewart,BC,2020,6.2837
Stillwater,NS,1915,4.5523
Stillwater,NS,2002,7.0898
Stony Rapids,SK,1986,-3.7568
Stony Rapids,SK,2019,-2.9982
Stratford,ON,1880,7.0838
Stratford,ON,2016,7.4907
Sudbury,ON,1947,2.8541
Sudbury,ON,2020,4.4696
Suffield A,AB,1950,4.1068
Suffield A,AB,2009,5.6839
Summerland,BC,1907,8.4087
Summerland,BC,2020,9.6073
Summerside,PE,1929,5.4396
Summerside,PE,2020,6.0247
Sussex,NB,1898,4.4517
Sussex,NB,2020,6.4489
Swan River,MB,1960,0.9771
Swan River,MB,2020,1.9736
Swift Current,SK,1885,2.6901
Swift Current,SK,2020,4.4475
Swift Current CDA,SK,1958,3.3502
Swift Current CDA,SK,2020,4.3671
Sydney,NS,1879,4.8444
Sydney,NS,2020,6.6125
Taber,AB,1947,4.7874
Taber,AB,2020,6.3792
Taloyoak A,NU,1985,-15.462
Taloyoak A,NU,2015,-13.2109
Tatlayoko Lake,BC,1929,4.2613
Tatlayoko Lake,BC,2020,4.2301
Temiscamingue,QC,1911,4.4184
Temiscamingue,QC,2020,4.8201
Terra Nova Nat Park,NL,1965,4.1703
Terra Nova Nat Park,NL,2019,5.1491
Terrace,BC,1912,5.5105
Terrace,BC,2020,6.8679
Teslin,YT,1943,-2.495
Teslin,YT,2020,-0.5738
Tete Baleine,QC,1911,0.7645
Tete Baleine,QC,2020,1.3869
The Pas,MB,1910,-0.2749
The Pas,MB,2020,0.6856
Thetford Mines,QC,1922,0.9102
Thetford Mines,QC,2020,3.9325
Thompson,MB,1967,-3.6077
Thompson,MB,2020,-2.4052
Three Hills,AB,1923,2.4607
Three Hills,AB,2020,3.4679
Thunder Bay,ON,1879,1.4417
Thunder Bay,ON,2020,3.5732
Timmins,ON,1923,0.4279
Timmins,ON,2020,2.1685
Tobermory,ON,1914,4.6988
Tobermory,ON,2020,6.1206
Tofino A,BC,1958,8.7719
Tofino A,BC,2020,9.8418
Toronto,ON,1879,7.0812
Toronto,ON,2020,10.017
Toronto Buttonville,ON,1974,6.3057
Toronto Buttonville,ON,2019,8.798
Toronto Ellesmere,ON,1896,8.561
Toronto Ellesmere,ON,1995,8.8259
Toronto Intl A,ON,1937,6.9995
Toronto Intl A,ON,2020,9.0529
Toronto Island City,ON,1953,7.651
Toronto Island City,ON,2020,9.1081
Trenton,ON,1939,6.5075
Trenton,ON,2020,8.2513
Trois Pistoles,QC,1951,3.5775
Trois Pistoles,QC,2020,3.8061
Trois Rivieres,QC,1934,3.199
Trois Rivieres,QC,2020,4.9463
Truro,NS,1879,4.3247
Truro,NS,2020,6.2566
Tugaske,SK,1923,1.8866
Tugaske,SK,2008,3.5408
Tuktoyaktuk,NT,1957,-11.5724
Tuktoyaktuk,NT,2020,-8.249
Tulita A,NT,1908,-6.6945
Tulita A,NT,2004,-4.5822
Turbine,ON,1914,3.396
Turbine,ON,1990,4.2751
Ucluelet Kennedy Cam,BC,1988,9.5944
Ucluelet Kennedy Cam,BC,2020,9.8746
Upper Stewiacke,NS,1916,5.5475
Upper Stewiacke,NS,2019,6.5047
Uranium City,SK,1953,-3.8373
Uranium City,SK,2020,-2.7208
Uxbridge,ON,1905,4.8997
Uxbridge,ON,1978,5.7755
Val d'Or,QC,1951,1.3567
Val d'Or,QC,2020,2.4528
Val Marie,SK,1939,2.6476
Val Marie,SK,2020,4.046
Valleyfield,QC,1953,6.0248
Valleyfield,QC,2010,6.9328
Vancouver,BC,1896,8.6835
Vancouver,BC,2020,10.9084
Vancouver Harbour CS,BC,1899,9.5686
Vancouver Harbour CS,BC,2020,11.6494
Vauxhall,AB,1913,3.9329
Vauxhall,AB,2020,5.6855
Vavenby,BC,1913,5.7659
Vavenby,BC,2020,6.8079
Vegreville,AB,1969,1.0907
Vegreville,AB,2020,2.7173
Vernon,BC,1901,6.7268
Vernon,BC,2020,8.3587
Vernon Bella Vista,BC,1919,7.6357
Vernon Bella Vista,BC,2018,9.1578
Victoria,BC,1898,9.1712
Victoria,BC,2020,10.3164
Victoria Gonzales CS,BC,1995,10.7318
Victoria Gonzales CS,BC,2020,10.6435
Victoria University,BC,1992,11.3858
Victoria University,BC,2020,10.5994
Viking,AB,1923,1.5064
Viking,AB,2016,2.814
Ville Marie,QC,1914,2.7269
Ville Marie,QC,1999,2.8184
Vineland,ON,1925,8.2987
Vineland,ON,2020,9.2699
Virden,MB,1958,2.6415
Virden,MB,2005,3.9555
Wabush Lake,NL,1960,-4.2085
Wabush Lake,NL,2020,-2.292
Walkerton,ON,1918,6.9406
Walkerton,ON,2008,6.5969
Wallaceburg,ON,1905,8.596
Wallaceburg,ON,1997,8.9784
Warfield,BC,1928,8.5878
Warfield,BC,2020,8.9376
Wasa,BC,1983,5.9714
Wasa,BC,2016,6.9197
Wasagaming,MB,1966,-0.4072
Wasagaming,MB,2020,0.9767
Waseca,SK,1907,0.3503
Waseca,SK,2020,2.4322
Waskesiu Lake,SK,1965,-0.2957
Waskesiu Lake,SK,2020,1.9751
Wastina Hemaruka,AB,1913,0.9836
Wastina Hemaruka,AB,1975,1.1457
Waterton Park Gate,AB,1978,4.6864
Waterton Park Gate,AB,2020,5.388
Watrous,SK,1953,0.7956
Watrous,SK,2020,2.5311
Watson Lake,YT,1938,-3.2575
Watson Lake,YT,2020,-1.7141
Wawa,ON,1940,0.8781
Wawa,ON,2016,2.5066
Welland,ON,1882,6.4164
Welland,ON,2020,8.4999
Westwold,BC,1921,5.7309
Westwold,BC,2011,6.5028
Wetaskiwin,AB,1902,1.3699
Wetaskiwin,AB,2015,2.7815
Weyburn,SK,1952,2.495
Weyburn,SK,2020,3.5248
White River,ON,1888,0.2213
White River,ON,1976,0.3601
White Rock Campbell,BC,1928,9.4777
White Rock Campbell,BC,2020,11.0518
Whitecourt,AB,1944,0.3745
Whitecourt,AB,2016,3.5614
Whitehorse,YT,1962,-1.7706
Whitehorse,YT,2020,0.8026
Whitehorse A,YT,1942,-1.2747
Whitehorse A,YT,2020,0.5339
Whitesand-Southend,SK,1937,-3.3501
Whitesand-Southend,SK,2020,-1.5951
Whitewood,SK,1914,1.107
Whitewood,SK,2007,2.6437
Wiarton,ON,1953,5.6351
Wiarton,ON,2020,6.9542
Wilder Lake,ON,1947,5.3732
Wilder Lake,ON,2008,6.5946
Williams Lake,BC,1938,3.808
Williams Lake,BC,2019,4.9326
Windsor,ON,1940,9.0126
Windsor,ON,2018,10.4263
Winnipeg,MB,1879,1.352
Winnipeg,MB,2020,3.5951
Woodbridge,ON,1948,7.1693
Woodbridge,ON,2005,7.9543
Woodstock,NB,1918,3.9694
Woodstock,NB,2020,4.6213
Woodstock,ON,1879,6.4447
Woodstock,ON,2014,7.9859
Wreckhouse,NL,1981,4.877
Wreckhouse,NL,2020,5.7784
Wright,QC,1968,3.7651
Wright,QC,2017,5.3788
Wrigley A,NT,1944,-5.9373
Wrigley A,NT,1994,-4.275
Wynyard,SK,1964,1.3576
Wynyard,SK,2020,2.4683
Yarmouth,NS,1879,6.3418
Yarmouth,NS,2020,7.6795
Yellow Grass,SK,1913,2.3712
Yellow Grass,SK,2018,3.7645
Yellowknife,NT,1942,-5.9149
Yellowknife,NT,2020,-3.2568
Yellowknife Hydro,NT,1943,-6.5378
Yellowknife Hydro,NT,1997,-5.4115
Yohin,NT,1967,-1.9387
Yohin,NT,2015,-0.7217
Yoho Park,BC,1974,-0.044
Yoho Park,BC,2018,1.5082
Yorkton,SK,1941,0.8833
Yorkton,SK,2020,2.2426
